h1 branching factor,h1 depth,h1 nodes visited,h2 branching factor,h2 depth,h2 nodes visited
2,1,2,2,1,2
1.5,2,3,1.5,2,3
1.666666667,3,5,1.666666667,3,5
1.333333333,3,4,1.333333333,3,4
1.333333333,3,4,1.333333333,3,4
1.333333333,3,4,1.333333333,3,4
1.25,4,5,2,4,8
1.5,4,6,1.5,4,6
1.25,4,5,2,4,8
1.5,4,6,1.5,4,6
1.25,4,5,1.25,4,5
1.5,4,6,1.5,4,6
1.5,4,6,1.5,4,6
1.6,5,8,1.4,5,7
1.2,5,6,2,5,10
1.4,5,7,1.4,5,7
1.4,5,7,2.6,5,13
1.166666667,6,7,2,6,12
1.333333333,6,8,1.333333333,6,8
1.166666667,6,7,2.5,6,15
1.5,6,9,2.166666667,6,13
1.333333333,6,8,2,6,12
1.166666667,6,7,2.333333333,6,14
2.666666667,6,16,2,6,12
1.666666667,6,10,2.666666667,6,16
2,7,14,2.142857143,7,15
1.285714286,7,9,3.142857143,7,22
3.125,8,25,2.125,8,17
2.5,8,20,2.875,8,23
3.111111111,9,28,4.555555556,9,41
3.666666667,9,33,2.555555556,9,23
3.555555556,9,32,3.333333333,9,30
6.555555556,9,59,3.333333333,9,30
3.888888889,9,35,1.777777778,9,16
7.1,10,71,5,10,50
19,12,228,11.66666667,12,140
25.41666667,12,305,2.75,12,33
101.5833333,12,1219,99.66666667,12,1196
28.41666667,12,341,7.75,12,93
19.23076923,13,250,3.846153846,13,50
33.46153846,13,435,5.384615385,13,70
334.3846154,13,4347,176.6923077,13,2297
232.4615385,13,3022,211.5384615,13,2750
1203.571429,14,16850,732.2857143,14,10252
68.71428571,14,962,5.857142857,14,82
858.2,15,12873,290.1333333,15,4352
111.4666667,15,1672,10.6,15,159
849.2666667,15,12739,226.2,15,3393
3032.058824,17,51545,787.5882353,17,13389
25448.36842,19,483519,4401.684211,19,83632